[
  {
    "name": "Veirdo Men's Regular Fit T-Shirt",
    "descrption": "Casual tshirt for outgoing men. For beach looks and summer look",
    "price": { "$numberInt": "349" },
    "category": "clothing",
    "image": "https://www.amazon.in/images/I/71bqkYdQJKL._UL1500_.jpg",
    "seller": "amazon",
    "link": "https://www.amazon.in/Veirdo-Sleeve-Round-Cotton-T-Shirt/dp/B07VPW43VK/",
    "inStock": true,
    "ratingNumber": { "$numberInt": "44" },
    "ratingAvg": { "$numberDecimal": "4" },
    "reviewNumber": { "$numberInt": "36" },
    "timestamp": { "$numberInt": "1470767400" }
  },
  {
    "name": "Scott International Men's Regular Fit T-Shirt (Pack of 3)",
    "descrption": "Casual tshirt for outgoing men. For summer and specially designed for comfort",
    "price": { "$numberInt": "654" },
    "category": "clothing",
    "image": "https://www.amazon.in/images/I/71Pof91deKL._UL1500_.jpg",
    "seller": "amazon",
    "link": "https://www.amazon.in/Scott-International-Regular-T-Shirt-SS20-3RN-BU-GR-CH-XL_Multicolored_X-Large/dp/B084L927MC/",
    "inStock": true,
    "ratingNumber": { "$numberInt": "41" },
    "ratingAvg": { "$numberDecimal": "5" },
    "reviewNumber": { "$numberInt": "16" },
    "timestamp": { "$numberInt": "1473445800" }
  },
  {
    "name": "Leotude Men's Regular Fit T-Shirt",
    "descrption": "Party tshirt for men. For summer and specially designed for comfort",
    "price": { "$numberInt": "399" },
    "category": "clothing",
    "image": "https://www.amazon.in/images/I/71Pof91deKL._UL1500_.jpg",
    "seller": "amazon",
    "link": "https://www.amazon.in/Scott-International-Regular-T-Shirt-SS20-3RN-BU-GR-CH-XL_Multicolored_X-Large/dp/B084L927MC/",
    "inStock": true,
    "ratingNumber": { "$numberInt": "21" },
    "ratingAvg": { "$numberDecimal": "3" },
    "reviewNumber": { "$numberInt": "6" },
    "timestamp": { "$numberInt": "1504981800" }
  },
  {
    "name": "Allen Solly Navy Trousers",
    "descrption": "Comfort trousers for women. For summer and specially designed for comfort",
    "price": { "$numberInt": "779" },
    "category": "clothing",
    "image": "https://www.amazon.in/images/I/51tOcfzm%2BYL._UL1500_.jpg",
    "seller": "amazon",
    "link": "https://www.amazon.in/Allen-Solly-Womens-Pants-AWTF1F02243_Blue_92/dp/B0787G5C1S/",
    "inStock": true,
    "ratingNumber": { "$numberInt": "77" },
    "ratingAvg": { "$numberDecimal": "5" },
    "reviewNumber": { "$numberInt": "61" },
    "timestamp": { "$numberInt": "1344537000" }
  },
  {
    "name": "Lee Cooper Women's Plain Regular Fit T-Shirt",
    "descrption": "Comfort tshirt for women. For summer and specially designed for comfort",
    "price": { "$numberInt": "779" },
    "category": "clothing",
    "image": "https://www.amazon.in/images/I/51tOcfzm%2BYL._UL1500_.jpg",
    "seller": "amazon",
    "link": "https://www.amazon.in/Allen-Solly-Womens-Pants-AWTF1F02243_Blue_92/dp/B0787G5C1S/",
    "inStock": true,
    "ratingNumber": { "$numberInt": "80" },
    "ratingAvg": { "$numberDecimal": "5" },
    "reviewNumber": { "$numberInt": "44" },
    "timestamp": { "$numberInt": "1344537000" }
  },
  {
    "name": "Men Printed Casual Shirt",
    "descrption": "Comfort shirt for men. For summer and specially designed for comfort",
    "price": { "$numberInt": "551" },
    "category": "clothing",
    "image": "https://rukminim1.flixcart.com/image/787/944/k70spzk0/shirt/z/c/g/m-hlsh009603-highlander-original-imafpchszb9z5hgu.jpeg?q=50",
    "seller": "flipkart",
    "link": "https://www.flipkart.com/highlander-men-printed-casual-blue-shirt/p/itmfdfd73yyke7ey",
    "inStock": true,
    "ratingNumber": { "$numberInt": "60" },
    "ratingAvg": { "$numberDecimal": "4.5" },
    "reviewNumber": { "$numberInt": "44" },
    "timestamp": { "$numberInt": "1536517800" }
  },
  {
    "name": "Jogger Fit Men Grey Jeans",
    "descrption": "Comfort jogger jeans for men. For summer and specially designed for comfort",
    "price": { "$numberInt": "786" },
    "category": "clothing",
    "image": "https://rukminim1.flixcart.com/image/787/944/jhavdzk0/jean/j/x/p/30-hpsjogger-lgrey-urbano-fashion-original-imaf5bzbhhvwu9by.jpeg?q=50",
    "seller": "flipkart",
    "link": "https://www.flipkart.com/urbano-fashion-slim-men-grey-jeans/p/itmf5bzan6f42qjh",
    "inStock": true,
    "ratingNumber": { "$numberInt": "55" },
    "ratingAvg": { "$numberDecimal": "4.5" },
    "reviewNumber": { "$numberInt": "32" },
    "timestamp": { "$numberInt": "1537468200" }
  },
  {
    "name": "Solid Women Round Neck Blue T-Shirt",
    "descrption": "Comfort tshirt for women. For summer and specially designed for comfort",
    "price": { "$numberInt": "169" },
    "category": "clothing",
    "image": "https://rukminim1.flixcart.com/image/787/944/kapoo7k0/t-shirt/7/a/d/xl-women-tshit-s-hero-piyush-original-imafs7e29s4dchf9.jpeg?q=50",
    "seller": "flipkart",
    "link": "https://www.flipkart.com/target-success-solid-women-round-neck-blue-t-shirt/p/itmff19d183c3562",
    "inStock": true,
    "ratingNumber": { "$numberInt": "55" },
    "ratingAvg": { "$numberDecimal": "4.5" },
    "reviewNumber": { "$numberInt": "32" },
    "timestamp": { "$numberInt": "1537468200" }
  },
  {
    "name": "Printed Semi Stitched Lehenga Choli ",
    "descrption": "Lehenga choli for special occasion",
    "price": { "$numberInt": "329" },
    "category": "clothing",
    "image": "https://rukminim1.flixcart.com/image/787/944/jve4pe80/lehenga-choli/d/a/s/free-jp-phota-bitu-enterprise-original-imaf2thhhpyhmwvg.jpeg?q=50",
    "seller": "flipkart",
    "link": "https://www.flipkart.com/zingat-fashion-printed-semi-stitched-lehenga-choli/p/itmf9j3vpnhha8yp",
    "inStock": true,
    "ratingNumber": { "$numberInt": "45" },
    "ratingAvg": { "$numberDecimal": "4.5" },
    "reviewNumber": { "$numberInt": "30" },
    "timestamp": { "$numberInt": "1539468200" }
  },
  {
    "name": "ASIAN Shoes Wonder-13 Grey Firozi Mesh Shoes",
    "descrption": "Sports shoes specially curated for men. Light weight and durable",
    "price": { "$numberInt": "599" },
    "category": "shoes",
    "image": "https://www.amazon.in/images/I/61utX8kBDlL._UL1100_.jpg",
    "seller": "amazon",
    "link": "https://www.amazon.in/Asian-shoes-Running-Firozi-Indian/dp/B01N54ZM9W/",
    "inStock": true,
    "ratingNumber": { "$numberInt": "19" },
    "ratingAvg": { "$numberDecimal": "4.5" },
    "reviewNumber": { "$numberInt": "3" },
    "timestamp": { "$numberInt": "1533468200" }
  },
  {
    "name": "Sparx Men's Running Shoes",
    "descrption": "Sports shoes specially curated for men. Light weight and durable",
    "price": { "$numberInt": "1049" },
    "category": "shoes",
    "image": "https://www.amazon.in/images/I/81qYdAvlCbL._UL1500_.jpg",
    "seller": "amazon",
    "link": "https://www.amazon.in/Sparx-SM-406-Black-Sports-Shoes/dp/B07H4K2ZGC/",
    "inStock": true,
    "ratingNumber": { "$numberInt": "9" },
    "ratingAvg": { "$numberDecimal": "4.5" },
    "reviewNumber": { "$numberInt": "6" },
    "timestamp": { "$numberInt": "1600626600" }
  },
  {
    "name": "Flavia Women's Running Shoes",
    "descrption": "Sports shoes specially curated for women. Light weight and durable",
    "price": { "$numberInt": "699" },
    "category": "shoes",
    "image": "https://www.amazon.in/images/I/81dLOzcvdTL._UL1500_.jpg",
    "seller": "amazon",
    "link": "https://www.amazon.in/Flavia-Running-HD00751-GRY_L-Grey_7-UK/dp/B07YSPNC2R/",
    "inStock": true,
    "ratingNumber": { "$numberInt": "16" },
    "ratingAvg": { "$numberDecimal": "4.5" },
    "reviewNumber": { "$numberInt": "3" },
    "timestamp": { "$numberInt": "16209626600" }
  },
  {
    "name": "Belini Women's Grey Running Shoes",
    "descrption": "Sports shoes specially curated for women. Light weight and durable",
    "price": { "$numberInt": "579" },
    "category": "shoes",
    "image": "https://www.amazon.in/images/I/71kblQVFZkL._UL1500_.jpg",
    "seller": "amazon",
    "link": "https://www.amazon.in/Belini-Womens-Running-BS-120GREY3/dp/B082B76RZ5/",
    "inStock": true,
    "ratingNumber": { "$numberInt": "56" },
    "ratingAvg": { "$numberDecimal": "4.5" },
    "reviewNumber": { "$numberInt": "39" },
    "timestamp": { "$numberInt": "14209626600" }
  },
  {
    "name": "Casuals For Men  (Black)",
    "descrption": "Sports shoes specially curated for men. Light weight and durable",
    "price": { "$numberInt": "424" },
    "category": "shoes",
    "image": "https://rukminim1.flixcart.com/image/787/944/k6nxrbk0/shoe/k/h/n/mrj1241-6-aadi-black-original-imafp2hytr9nguv5.jpeg?q=50",
    "seller": "flipkart",
    "link": "https://www.flipkart.com/aadi-casuals-men/p/itmfgef2t8yxzrhb",
    "inStock": true,
    "ratingNumber": { "$numberInt": "44" },
    "ratingAvg": { "$numberDecimal": "4" },
    "reviewNumber": { "$numberInt": "22" },
    "timestamp": { "$numberInt": "1455993000" }
  },
  {
    "name": "Canvas Shoes For Mens",
    "descrption": "Casual Party Wear New Stylish Canvas Shoes For Mens And Boys For Men  (Orange, Black)",
    "price": { "$numberInt": "439" },
    "category": "shoes",
    "image": "https://rukminim1.flixcart.com/image/787/944/kbl4cy80/shoe/b/y/2/rk0020-magnolia-orange-original-imafsvshngg5yvmh.jpeg?q=50",
    "seller": "flipkart",
    "link": "https://www.flipkart.com/magnolia-casual-party-wear-new-stylish-canvas-shoes-mens-boys-men/p/itmfhtrqaggggd3x",
    "inStock": true,
    "ratingNumber": { "$numberInt": "4" },
    "ratingAvg": { "$numberDecimal": "4" },
    "reviewNumber": { "$numberInt": "1" },
    "timestamp": { "$numberInt": "1459993000" }
  },
  {
    "name": "Running Shoes For Women",
    "descrption": "WMNS TODOS Running Shoes For Women  (White, Pink)",
    "price": { "$numberInt": "2439" },
    "category": "shoes",
    "image": "https://rukminim1.flixcart.com/image/787/944/jz1l7rk0/shoe/g/s/f/bq3201-100-9-5-nike-white-hyper-pink-original-imafj56hna3ycrdd.jpeg?q=50",
    "seller": "flipkart",
    "link": "https://www.flipkart.com/nike-wmns-todos-running-shoes-women/p/itmfhdashgfgcq6x",
    "inStock": true,
    "ratingNumber": { "$numberInt": "14" },
    "ratingAvg": { "$numberDecimal": "4" },
    "reviewNumber": { "$numberInt": "11" },
    "timestamp": { "$numberInt": "1409993000" }
  },
  {
    "name": "Electronics Watches",
    "descrption": "findtime Men Women Electronics Watches Black Fashion Sports Casual Chronograph Waterproof Wrist Watch",
    "price": { "$numberInt": "1299" },
    "category": "gadgets",
    "image": "https://www.amazon.in/images/I/71C8lifzwQL._UL1500_.jpg",
    "seller": "amazon",
    "link": "https://www.amazon.in/findtime-Electronics-Watches-Chronograph-Waterproof/dp/B06ZXXP8Z9/",
    "inStock": true,
    "ratingNumber": { "$numberInt": "17" },
    "ratingAvg": { "$numberDecimal": "3.5" },
    "reviewNumber": { "$numberInt": "5" },
    "timestamp": { "$numberInt": "1403593000" }
  },
  {
    "name": "Smart Security Camera",
    "descrption": "Mi 360° 1080p Full HD WiFi Smart Security Camera| 360° Viewing Area |Intruder Alert | Night Vision | Two-Way Audio |Inverted Installation    ",
    "price": { "$numberInt": "2299" },
    "category": "gadgets",
    "image": "https://www.amazon.in/images/I/61JM7nC4OKL._SL1500_.jpg",
    "seller": "amazon",
    "link": "https://www.amazon.in/MJSXJ02CM-1080P-Security-Camera-White/dp/B07HJD1KH4/",
    "inStock": true,
    "ratingNumber": { "$numberInt": "25" },
    "ratingAvg": { "$numberDecimal": "3.5" },
    "reviewNumber": { "$numberInt": "4" },
    "timestamp": { "$numberInt": "1493593000" }
  },
  {
    "name": "Apple iPad",
    "descrption": "Apple iPad (10.2-inch, Wi-Fi, 32GB) - Space Grey (Latest Model)",
    "price": { "$numberInt": "29,900" },
    "category": "gadgets",
    "image": "https://www.amazon.in/images/I/71TJA%2BsJv2L._SL1500_.jpg",
    "seller": "amazon",
    "link": "https://www.amazon.in/Apple-iPad-10-2-inch-Wi-Fi-32GB/dp/B07XVKRMRK/",
    "inStock": true,
    "ratingNumber": { "$numberInt": "215" },
    "ratingAvg": { "$numberDecimal": "5" },
    "reviewNumber": { "$numberInt": "184" },
    "timestamp": { "$numberInt": "1493593000" }
  },
  {
    "name": "Apple MacBook Air ",
    "descrption": "Apple MacBook Air (13-inch, 8GB RAM, 128GB Storage, 1.8GHz Intel Core i5) - Silver",
    "price": { "$numberInt": "74,900" },
    "category": "gadgets",
    "image": "https://www.amazon.in/images/I/51TdkJSqeQL._SL1000_.jpg",
    "seller": "amazon",
    "link": "https://www.amazon.in/Apple-MacBook-Air-13-3-inch-MQD32HN/dp/B073Q5R6VR/",
    "inStock": true,
    "ratingNumber": { "$numberInt": "515" },
    "ratingAvg": { "$numberDecimal": "5" },
    "reviewNumber": { "$numberInt": "284" },
    "timestamp": { "$numberInt": "1393593000" }
  },
  {
    "name": "Gaming Monitor ",
    "descrption": "HP 21.5 inch Full HD LED Backlit IPS Panel Gaming Monitor (22F)  (Frameless, AMD Free Sync)",
    "price": { "$numberInt": "4,900" },
    "category": "gadgets",
    "image": "https://rukminim1.flixcart.com/image/832/832/k7z3afk0/monitor/v/2/b/22f-l09843-006-hp-original-imafq3ejyjknj6sq.jpeg?q=70",
    "seller": "flipkart",
    "link": "https://www.flipkart.com/hp-21-5-inch-full-hd-led-backlit-ips-panel-gaming-monitor-22f/p/itmf4xcdxcpuzsq2",
    "inStock": true,
    "ratingNumber": { "$numberInt": "55" },
    "ratingAvg": { "$numberDecimal": "4.5" },
    "reviewNumber": { "$numberInt": "24" },
    "timestamp": { "$numberInt": "1379593000" }
  },
  {
    "name": "OPPO A12",
    "descrption": "OPPO A12 (Blue, 32 GB)  (3 GB RAM)",
    "price": { "$numberInt": "9,900" },
    "category": "gadgets",
    "image": "https://rukminim1.flixcart.com/image/832/832/kb1470w0/mobile/q/g/g/oppo-a12-cph2083-original-imafsh2hfkyamqyt.jpeg?q=70",
    "seller": "flipkart",
    "link": "https://www.flipkart.com/oppo-a12-blue-32-gb/p/itmfc859cdf39e01",
    "inStock": true,
    "ratingNumber": { "$numberInt": "527" },
    "ratingAvg": { "$numberDecimal": "4.5" },
    "reviewNumber": { "$numberInt": "299" },
    "timestamp": { "$numberInt": "1571593000" }
  },
  {
    "name": "Hair Dryer",
    "descrption": "Nova Silky Shine Hot And Cold Foldable NHP 8105 Hair Dryer  (1200 W, Black)",
    "price": { "$numberInt": "900" },
    "category": "gadgets",
    "image": "https://rukminim1.flixcart.com/image/832/832/jxnksy80/hair-dryer/n/n/f/nova-silky-shine-1200-w-hot-and-cold-foldable-nhp-8105-original-imafg2m8fmk23css.jpeg?q=70",
    "seller": "flipkart",
    "link": "https://www.flipkart.com/nova-silky-shine-hot-cold-foldable-nhp-8105-hair-dryer/p/itm985b1f3c8f641",
    "inStock": true,
    "ratingNumber": { "$numberInt": "27" },
    "ratingAvg": { "$numberDecimal": "4.5" },
    "reviewNumber": { "$numberInt": "12" },
    "timestamp": { "$numberInt": "1511593000" }
  },
  {
    "name": "Dinnerware Set",
    "descrption": "AmazonBasics 16-Piece Cafe Stripe Dinnerware Set- Black",
    "price": { "$numberInt": "2900" },
    "category": "gifts",
    "image": "https://www.amazon.in/images/I/81YdR9vNnML._SL1500_.jpg",
    "seller": "amazon",
    "link": "https://www.amazon.in/AmazonBasics-16-Piece-Stripe-Dinnerware-Black/dp/B00Q5X2DZG/",
    "inStock": true,
    "ratingNumber": { "$numberInt": "27" },
    "ratingAvg": { "$numberDecimal": "4.5" },
    "reviewNumber": { "$numberInt": "12" },
    "timestamp": { "$numberInt": "1511593000" }
  },
  {
    "name": "Wallet,Keychain",
    "descrption": "WildHorn® RFID Protected Genuine High Quality Leather Wallet,Keychain & Pen Combo for Men",
    "price": { "$numberInt": "1900" },
    "category": "gifts",
    "image": "https://www.amazon.in/images/I/81YdR9vNnML._SL1500_.jpg",
    "seller": "amazon",
    "link": "https://www.amazon.in/WildHorn-Blue-Wallet-GIFTBOX-150/dp/B01GRI6Q3I/",
    "inStock": true,
    "ratingNumber": { "$numberInt": "27" },
    "ratingAvg": { "$numberDecimal": "4.5" },
    "reviewNumber": { "$numberInt": "12" },
    "timestamp": { "$numberInt": "1511593000" }
  },
  {
    "name": "Buddha Incense Smoke Burner",
    "descrption": "Decora Craft Poly Resin Buddha Incense Smoke Burner Fountain/Idol Gifts Item with 10 Cones (Yellow,Standard)",
    "price": { "$numberInt": "210" },
    "category": "gifts",
    "image": "https://www.amazon.in/images/I/41w9fBBsjwL.jpg",
    "seller": "amazon",
    "link": "https://www.amazon.in/Decora-Craft-Incense-Fountain-Standard/dp/B07FF2BJ56/r",
    "inStock": true,
    "ratingNumber": { "$numberInt": "27" },
    "ratingAvg": { "$numberDecimal": "4.5" },
    "reviewNumber": { "$numberInt": "12" },
    "timestamp": { "$numberInt": "1511593000" }
  },
  {
    "name": "Headphones with Mic",
    "descrption": "AmazonBasics in-Ear Headphones with Mic - White",
    "price": { "$numberInt": "459" },
    "category": "accessories",
    "image": "https://www.amazon.in/images/I/41M32dMl7wL._SL1500_.jpg",
    "seller": "amazon",
    "link": "https://www.amazon.in/AmazonBasics-Ear-Headphones-Mic-White/dp/B07HH23P69/",
    "inStock": true,
    "ratingNumber": { "$numberInt": "27" },
    "ratingAvg": { "$numberDecimal": "4.5" },
    "reviewNumber": { "$numberInt": "12" },
    "timestamp": { "$numberInt": "1511593000" }
  },
  {
    "name": "Kindle",
    "descrption": "Kindle Paperwhite (10th gen) - with Built-in Light, Waterproof, 8 GB, WiFi",
    "price": { "$numberInt": "12459" },
    "category": "accessories",
    "image": "https://www.amazon.in/images/I/41aTw6F6DDL.jpg",
    "seller": "amazon",
    "link": "https://www.amazon.in/All-New-Kindle-Paperwhite-10th-Built/dp/B077454Z99/",
    "inStock": true,
    "ratingNumber": { "$numberInt": "27" },
    "ratingAvg": { "$numberDecimal": "4.5" },
    "reviewNumber": { "$numberInt": "12" },
    "timestamp": { "$numberInt": "1511593000" }
  }
]
